epoch, epoch_loss
0, 2611.472727060318
1, 2097.6533172130585
2, 1965.6583089828491
3, 1866.6151804924011
4, 1792.7267310619354
5, 1734.0233521461487
6, 1682.4183459281921
7, 1635.0851356983185
8, 1592.7327344417572
9, 1556.2109143733978
10, 1524.1836700439453
11, 1495.6877901554108
12, 1469.113866686821
13, 1446.160587310791
