epoch, epoch_loss
0, 2697.8413004875183
1, 2145.4305572509766
2, 2008.868579864502 
3, 1912.9867615699768
4, 1842.0873425006866 
5, 1783.0955138206482
6, 1728.364914894104 
7, 1682.7061259746552
8, 1642.2213625907898
9, 1606.2326912879944
10, 1574.6542661190033
11, 1545.2048881053925
12, 1518.4109580516815