epoch, epoch_loss
0, 3074.2229657173157
1, 2529.4315071105957
2, 2278.0733482837677
3, 2143.042128801346
4, 2054.706064224243
5, 1983.4550423622131
6, 1909.9076962471008
7, 1847.342770576477
8, 1788.1939795017242
9, 1738.7146573066711
10, 1697.1361110210419
11, 1659.0937848091125
12, 1624.5179891586304