epoch, epoch_loss
0, 2801.47207736969
1, 2244.06987452507
2, 2073.9549634456635
3, 1949.658623456955
4, 1854.0408284664154
5, 1776.9352633953094
6, 1713.3733139038086
7, 1659.6735916137695
8, 1612.7226738929749
9, 1572.5773870944977
10, 1538.466141462326
11, 1505.8743636608124
12, 1478.4767187833786
